<Packages>
    <ApplicationName>PlotJuggler</ApplicationName>
    <ApplicationVersion>1.0.0</ApplicationVersion>
    <Package>
        <Name>io.plotjuggler.application</Name>
        <Title>PlotJuggler Main App</Title>
        <Description>Install PlotJuggler with basic plugins.</Description>
        <SortingPriority>0</SortingPriority>
        <TreeName moveChildren="false"></TreeName>
        <Version>3.10.10</Version>
        <LastUpdateDate></LastUpdateDate>
        <InstallDate>2025-07-23</InstallDate>
        <Size>82688152</Size>
        <Checkable>true</Checkable>
    </Package>
</Packages>
